"Measure","Data.1","Data.2"
"Min",1,0.271863241204407
"Max",1,1.49862509906843
"Greatest 1",1,1.34276954921917
"Greatest 2",1,1.34616591744768
"Greatest 3",1,1.38528355869192
"Greatest 4",1,1.40885039214998
"Greatest 5",1,1.49862509906843
"ESS Unweighted",200,300
"ESS Weighted",200,261.36748332749
