"Measure","TRTA","TRTC"
"Min",1,0.0548018470186743
"Max",1,2.67769709274872
"Greatest 1",1,2.15719681744589
"Greatest 2",1,2.38244747507283
"Greatest 3",1,2.49320461621298
"Greatest 4",1,2.58684376328457
"Greatest 5",1,2.67769709274872
"ESS Unweighted",100,150
"ESS Weighted",100,87.7167067452215
